{
  "scale_min_max": {
    "column_1": [
      "Num_Bank_Accounts",
      "Num_Credit_Card",
      "Interest_Rate",
      "Num_of_Loan",
      "Delay_from_due_date",
      "Num_of_Delayed_Payment",
      "Num_Credit_Inquiries",
      "Credit_Mix",
      "Outstanding_Debt",
      "Credit_History_Age",
      "Payment_of_Min_Amount",
      "Interest_Loan_Interaction"
    ],
    "column_2": [
      "Num_Credit_Card",
      "Interest_Rate",
      "Num_of_Loan",
      "Delay_from_due_date",
      "Changed_Credit_Limit",
      "Num_Credit_Inquiries",
      "Credit_Mix",
      "Outstanding_Debt",
      "Total_EMI_per_month",
      "EMI_to_Income_Ratio",
      "Loan_to_Income_Ratio",
      "Interest_Loan_Interaction"
    ],
    "column_3": [
      "Outstanding_Debt",
      "Credit_Mix",
      "Interest_Rate",
      "Credit_History_Age",
      "Delay_from_due_date",
      "Monthly_Balance",
      "Month",
      "Credit_Utilization_Ratio",
      "Changed_Credit_Limit",
      "Interest_Loan_Interaction",
      "Credit_Utilization",
      "Num_Credit_Inquiries"
    ],
    "common": [
      "Outstanding_Debt",
      "Interest_Rate",
      "Delay_from_due_date",
      "Interest_Loan_Interaction",
      "Credit_Mix",
      "Num_Credit_Inquiries"
    ]
  },
  "scale_Robust": {
    "column_1": [
      "Num_Bank_Accounts",
      "Num_Credit_Card",
      "Interest_Rate",
      "Num_of_Loan",
      "Delay_from_due_date",
      "Num_of_Delayed_Payment",
      "Num_Credit_Inquiries",
      "Credit_Mix",
      "Outstanding_Debt",
      "Credit_History_Age",
      "Payment_of_Min_Amount",
      "Interest_Loan_Interaction"
    ],
    "column_2": [
      "Annual_Income",
      "Monthly_Inhand_Salary",
      "Num_Credit_Card",
      "Interest_Rate",
      "Num_of_Loan",
      "Delay_from_due_date",
      "Changed_Credit_Limit",
      "Num_Credit_Inquiries",
      "Credit_Mix",
      "Outstanding_Debt",
      "Net_Monthly_Savings",
      "Interest_Loan_Interaction"
    ],
    "column_3": [
      "Outstanding_Debt",
      "Credit_Mix",
      "Credit_History_Age",
      "Interest_Rate",
      "Delay_from_due_date",
      "Monthly_Balance",
      "Month",
      "Changed_Credit_Limit",
      "Credit_Utilization_Ratio",
      "Interest_Loan_Interaction",
      "Credit_Utilization",
      "Num_of_Delayed_Payment"
    ],
    "common": [
      "Outstanding_Debt",
      "Interest_Rate",
      "Delay_from_due_date",
      "Interest_Loan_Interaction",
      "Credit_Mix"
    ]
  },
  "scaled_min_sklearn": {
    "column_1": [
      "Num_Bank_Accounts",
      "Num_Credit_Card",
      "Interest_Rate",
      "Delay_from_due_date",
      "Num_of_Delayed_Payment",
      "Num_Credit_Inquiries",
      "Credit_Mix",
      "Outstanding_Debt",
      "Credit_History_Age",
      "Debt_to_Income_Ratio",
      "Loan_to_Income_Ratio",
      "Interest_Loan_Interaction"
    ],
    "column_2": [
      "Annual_Income",
      "Monthly_Inhand_Salary",
      "Num_Credit_Card",
      "Interest_Rate",
      "Num_of_Loan",
      "Delay_from_due_date",
      "Changed_Credit_Limit",
      "Num_Credit_Inquiries",
      "Credit_Mix",
      "Outstanding_Debt",
      "EMI_to_Income_Ratio",
      "Net_Monthly_Savings"
    ],
    "column_3": [
      "Outstanding_Debt",
      "Credit_Mix",
      "Interest_Rate",
      "Credit_History_Age",
      "Delay_from_due_date",
      "Month",
      "Credit_Utilization_Ratio",
      "Changed_Credit_Limit",
      "Monthly_Balance",
      "Interest_Loan_Interaction",
      "Num_Credit_Card",
      "Credit_Utilization"
    ],
    "common": [
      "Num_Credit_Card",
      "Outstanding_Debt",
      "Interest_Rate",
      "Delay_from_due_date",
      "Credit_Mix"
    ]
  },
  "scale_standard": {
    "column_1": [
      "Num_Bank_Accounts",
      "Num_Credit_Card",
      "Interest_Rate",
      "Num_of_Loan",
      "Delay_from_due_date",
      "Num_of_Delayed_Payment",
      "Num_Credit_Inquiries",
      "Credit_Mix",
      "Outstanding_Debt",
      "Credit_History_Age",
      "Payment_of_Min_Amount",
      "Interest_Loan_Interaction"
    ],
    "column_2": [
      "Annual_Income",
      "Monthly_Inhand_Salary",
      "Num_Credit_Card",
      "Interest_Rate",
      "Num_of_Loan",
      "Delay_from_due_date",
      "Changed_Credit_Limit",
      "Num_Credit_Inquiries",
      "Credit_Mix",
      "Total_Financial_Obligations",
      "Net_Monthly_Savings",
      "Interest_Loan_Interaction"
    ],
    "column_3": [
      "Credit_Mix",
      "Outstanding_Debt",
      "Credit_History_Age",
      "Interest_Rate",
      "Delay_from_due_date",
      "Monthly_Balance",
      "Month",
      "Changed_Credit_Limit",
      "Interest_Loan_Interaction",
      "Credit_Utilization_Ratio",
      "Credit_Utilization",
      "Debt_to_Income_Ratio"
    ],
    "common": [
      "Credit_Mix",
      "Delay_from_due_date",
      "Interest_Loan_Interaction",
      "Interest_Rate"
    ]
  },
  "common_1": [
    "Num_Credit_Card",
    "Num_Bank_Accounts",
    "Outstanding_Debt",
    "Interest_Rate",
    "Delay_from_due_date",
    "Interest_Loan_Interaction",
    "Credit_Mix",
    "Credit_History_Age",
    "Num_Credit_Inquiries",
    "Num_of_Delayed_Payment"
  ],
  "common_2": [
    "Changed_Credit_Limit",
    "Num_Credit_Card",
    "Interest_Rate",
    "Delay_from_due_date",
    "Credit_Mix",
    "Num_Credit_Inquiries",
    "Num_of_Loan"
  ],
  "common_3": [
    "Changed_Credit_Limit",
    "Credit_Utilization",
    "Month",
    "Outstanding_Debt",
    "Interest_Rate",
    "Delay_from_due_date",
    "Interest_Loan_Interaction",
    "Credit_Mix",
    "Credit_History_Age",
    "Monthly_Balance",
    "Credit_Utilization_Ratio"
  ],
  "common": ["Credit_Mix", "Delay_from_due_date", "Credit_History_Age","Num_Credit_Inquiries",
  "Interest_Rate","Num_Credit_Card","Outstanding_Debt","Interest_Loan_Interaction"]
}
