{"scale_min_max": {"column_1": ["Num_Bank_Accounts", "Num_Credit_Card", "Interest_Rate", "Num_of_Loan", "Delay_from_due_date", "Num_of_Delayed_Payment", "Num_Credit_Inquiries", "Credit_Mix", "Outstanding_Debt", "Credit_History_Age", "Payment_of_Min_Amount", "Interest_Loan_Interaction"], "column_2": ["Num_Credit_Card", "Interest_Rate", "Num_of_Loan", "Delay_from_due_date", "Changed_Credit_Limit", "Num_Credit_Inquiries", "Credit_Mix", "Outstanding_Debt", "Total_EMI_per_month", "EMI_to_Income_Ratio", "Loan_to_Income_Ratio", "Interest_Loan_Interaction"], "column_3": ["Outstanding_Debt", "Credit_Mix", "Credit_History_Age", "Interest_Rate", "Delay_from_due_date", "Monthly_Balance", "Month", "Interest_Loan_Interaction", "Credit_Utilization_Ratio", "Changed_Credit_Limit", "Credit_Utilization", "Num_Credit_Inquiries"], "common": ["Outstanding_Debt", "Interest_Loan_Interaction", "Num_Credit_Inquiries", "Credit_Mix", "Interest_Rate", "Delay_from_due_date"]}, "scale_Robust": {"column_1": ["Num_Bank_Accounts", "Num_Credit_Card", "Interest_Rate", "Num_of_Loan", "Delay_from_due_date", "Num_of_Delayed_Payment", "Num_Credit_Inquiries", "Credit_Mix", "Outstanding_Debt", "Credit_History_Age", "Payment_of_Min_Amount", "Interest_Loan_Interaction"], "column_2": ["Annual_Income", "Monthly_Inhand_Salary", "Num_Credit_Card", "Interest_Rate", "Num_of_Loan", "Delay_from_due_date", "Changed_Credit_Limit", "Num_Credit_Inquiries", "Credit_Mix", "Payment_of_Min_Amount", "Net_Monthly_Savings", "Interest_Loan_Interaction"], "column_3": ["Outstanding_Debt", "Credit_Mix", "Credit_History_Age", "Interest_Rate", "Delay_from_due_date", "Interest_Loan_Interaction", "Monthly_Balance", "Month", "Changed_Credit_Limit", "Credit_Utilization_Ratio", "Credit_Utilization", "Debt_to_Income_Ratio"], "common": ["Credit_Mix", "Interest_Rate", "Delay_from_due_date", "Interest_Loan_Interaction"]}, "scaled_min_sklearn": {"column_1": ["Num_Bank_Accounts", "Num_Credit_Card", "Interest_Rate", "Delay_from_due_date", "Num_of_Delayed_Payment", "Num_Credit_Inquiries", "Credit_Mix", "Outstanding_Debt", "Credit_History_Age", "Payment_of_Min_Amount", "Loan_to_Income_Ratio", "Interest_Loan_Interaction"], "column_2": ["Annual_Income", "Monthly_Inhand_Salary", "Num_Credit_Card", "Interest_Rate", "Num_of_Loan", "Delay_from_due_date", "Changed_Credit_Limit", "Num_Credit_Inquiries", "Credit_Mix", "Outstanding_Debt", "EMI_to_Income_Ratio", "Net_Monthly_Savings"], "column_3": ["Outstanding_Debt", "Credit_Mix", "Credit_History_Age", "Interest_Rate", "Delay_from_due_date", "Month", "Credit_Utilization_Ratio", "Credit_Utilization", "Changed_Credit_Limit", "Monthly_Balance", "Interest_Loan_Interaction", "Num_of_Delayed_Payment"], "common": ["Credit_Mix", "Outstanding_Debt", "Delay_from_due_date", "Interest_Rate"]}, "scale_standard": {"column_1": ["Num_Bank_Accounts", "Num_Credit_Card", "Interest_Rate", "Num_of_Loan", "Delay_from_due_date", "Num_of_Delayed_Payment", "Num_Credit_Inquiries", "Credit_Mix", "Outstanding_Debt", "Credit_History_Age", "Payment_of_Min_Amount", "Interest_Loan_Interaction"], "column_2": ["Annual_Income", "Monthly_Inhand_Salary", "Num_Credit_Card", "Interest_Rate", "Num_of_Loan", "Delay_from_due_date", "Changed_Credit_Limit", "Num_Credit_Inquiries", "Credit_Mix", "Total_Financial_Obligations", "Net_Monthly_Savings", "Interest_Loan_Interaction"], "column_3": ["Credit_Mix", "Outstanding_Debt", "Interest_Rate", "Credit_History_Age", "Delay_from_due_date", "Interest_Loan_Interaction", "Monthly_Balance", "Month", "Credit_Utilization", "Changed_Credit_Limit", "Credit_Utilization_Ratio", "Num_Credit_Card"], "common": ["Num_Credit_Card", "Interest_Loan_Interaction", "Credit_Mix", "Interest_Rate", "Delay_from_due_date"]}, "common_1": ["Credit_History_Age", "Num_Credit_Card", "Num_of_Delayed_Payment", "Outstanding_Debt", "Interest_Loan_Interaction", "Payment_of_Min_Amount", "Num_Bank_Accounts", "Num_Credit_Inquiries", "Credit_Mix", "Interest_Rate", "Delay_from_due_date"], "common_2": ["Num_Credit_Card", "Changed_Credit_Limit", "Num_of_Loan", "Num_Credit_Inquiries", "Credit_Mix", "Interest_Rate", "Delay_from_due_date"], "common_3": ["Credit_History_Age", "Changed_Credit_Limit", "Outstanding_Debt", "Month", "Interest_Loan_Interaction", "Credit_Utilization_Ratio", "Credit_Utilization", "Credit_Mix", "Interest_Rate", "Delay_from_due_date", "Monthly_Balance"], "common": ["Credit_History_Age", "Num_Credit_Card", "Outstanding_Debt", "Interest_Loan_Interaction", "Num_Credit_Inquiries", "Credit_Mix", "Interest_Rate", "Delay_from_due_date"]}