{
  "column": {
    "Month": {
      "count": 100000.0,
      "mean": 4.5,
      "std": 2.2912993040030813,
      "min": 1.0,
      "25%": 2.75,
      "50%": 4.5,
      "75%": 6.25,
      "max": 8.0,
      "null": "0",
      "outlier": {
        "lower": 0,
        "upper": 0,
        "Q1": 2.75,
        "Q3": 6.25,
        "IQR": 3.5,
        "total": 0
      }
    },
    "Age": {
      "count": 100000.0,
      "mean": 33.31634,
      "std": 10.764811555065801,
      "min": 14.0,
      "25%": 24.0,
      "50%": 33.0,
      "75%": 42.0,
      "max": 56.0,
      "null": "0",
      "outlier": {
        "lower": 0,
        "upper": 0,
        "Q1": 24.0,
        "Q3": 42.0,
        "IQR": 18.0,
        "total": 0
      }
    },
    "Annual_Income": {
      "count": 100000.0,
      "mean": 50505.12344879999,
      "std": 38299.422092538225,
      "min": 7005.93,
      "25%": 19342.9725,
      "50%": 36999.705,
      "75%": 71683.47,
      "max": 179987.28,
      "null": "0",
      "outlier": {
        "lower": 0,
        "upper": 2000,
        "Q1": 19342.9725,
        "Q3": 71683.47,
        "IQR": 52340.4975,
        "total": 2000
      }
    },
    "Monthly_Inhand_Salary": {
      "count": 100000.0,
      "mean": 4197.270834892953,
      "std": 3186.432496982769,
      "min": 303.6454166666666,
      "25%": 1626.594166666667,
      "50%": 3095.905,
      "75%": 5957.715,
      "max": 15204.633333333331,
      "null": "0",
      "outlier": {
        "lower": 0,
        "upper": 2017,
        "Q1": 1626.594166666667,
        "Q3": 5957.715,
        "IQR": 4331.120833333333,
        "total": 2017
      }
    },
    "Num_Bank_Accounts": {
      "count": 100000.0,
      "mean": 5.36882,
      "std": 2.593314300348225,
      "min": 0.0,
      "25%": 3.0,
      "50%": 5.0,
      "75%": 7.0,
      "max": 11.0,
      "null": "0",
      "outlier": {
        "lower": 0,
        "upper": 0,
        "Q1": 3.0,
        "Q3": 7.0,
        "IQR": 4.0,
        "total": 0
      }
    },
    "Num_Credit_Card": {
      "count": 100000.0,
      "mean": 5.53357,
      "std": 2.0670983972849095,
      "min": 0.0,
      "25%": 4.0,
      "50%": 5.0,
      "75%": 7.0,
      "max": 11.0,
      "null": "0",
      "outlier": {
        "lower": 0,
        "upper": 0,
        "Q1": 4.0,
        "Q3": 7.0,
        "IQR": 3.0,
        "total": 0
      }
    },
    "Interest_Rate": {
      "count": 100000.0,
      "mean": 14.53208,
      "std": 8.741330275315642,
      "min": 1.0,
      "25%": 7.0,
      "50%": 13.0,
      "75%": 20.0,
      "max": 34.0,
      "null": "0",
      "outlier": {
        "lower": 0,
        "upper": 0,
        "Q1": 7.0,
        "Q3": 20.0,
        "IQR": 13.0,
        "total": 0
      }
    },
    "Num_of_Loan": {
      "count": 100000.0,
      "mean": 3.53288,
      "std": 2.44635621939805,
      "min": 0.0,
      "25%": 2.0,
      "50%": 3.0,
      "75%": 5.0,
      "max": 9.0,
      "null": "0",
      "outlier": {
        "lower": 0,
        "upper": 0,
        "Q1": 2.0,
        "Q3": 5.0,
        "IQR": 3.0,
        "total": 0
      }
    },
    "Delay_from_due_date": {
      "count": 100000.0,
      "mean": 21.08141,
      "std": 14.804559911116629,
      "min": 0.0,
      "25%": 10.0,
      "50%": 18.0,
      "75%": 28.0,
      "max": 62.0,
      "null": "0",
      "outlier": {
        "lower": 0,
        "upper": 4002,
        "Q1": 10.0,
        "Q3": 28.0,
        "IQR": 18.0,
        "total": 4002
      }
    },
    "Num_of_Delayed_Payment": {
      "count": 100000.0,
      "mean": 13.31312,
      "std": 6.237166414971536,
      "min": 0.0,
      "25%": 9.0,
      "50%": 14.0,
      "75%": 18.0,
      "max": 25.0,
      "null": "0",
      "outlier": {
        "lower": 0,
        "upper": 0,
        "Q1": 9.0,
        "Q3": 18.0,
        "IQR": 9.0,
        "total": 0
      }
    },
    "Changed_Credit_Limit": {
      "count": 100000.0,
      "mean": 10.470323200000001,
      "std": 6.609480675808788,
      "min": 0.5,
      "25%": 5.38,
      "50%": 9.4,
      "75%": 14.85,
      "max": 29.98,
      "null": "0",
      "outlier": {
        "lower": 0,
        "upper": 579,
        "Q1": 5.38,
        "Q3": 14.85,
        "IQR": 9.469999999999999,
        "total": 579
      }
    },
    "Num_Credit_Inquiries": {
      "count": 100000.0,
      "mean": 5.79825,
      "std": 3.8678258153987986,
      "min": 0.0,
      "25%": 3.0,
      "50%": 5.0,
      "75%": 8.0,
      "max": 17.0,
      "null": "0",
      "outlier": {
        "lower": 0,
        "upper": 787,
        "Q1": 3.0,
        "Q3": 8.0,
        "IQR": 5.0,
        "total": 787
      }
    },
    "Outstanding_Debt": {
      "count": 100000.0,
      "mean": 1426.220376,
      "std": 1155.1290257464573,
      "min": 0.23,
      "25%": 566.0725,
      "50%": 1166.155,
      "75%": 1945.9625,
      "max": 4998.07,
      "null": "0",
      "outlier": {
        "lower": 0,
        "upper": 5272,
        "Q1": 566.0725,
        "Q3": 1945.9625,
        "IQR": 1379.89,
        "total": 5272
      }
    },
    "Credit_Utilization_Ratio": {
      "count": 100000.0,
      "mean": 32.2851725189436,
      "std": 5.116875070150906,
      "min": 20.0,
      "25%": 28.05256656125577,
      "50%": 32.30578367171092,
      "75%": 36.4966630559621,
      "max": 50.00000000000001,
      "null": "0",
      "outlier": {
        "lower": 0,
        "upper": 4,
        "Q1": 28.05256656125577,
        "Q3": 36.4966630559621,
        "IQR": 8.444096494706333,
        "total": 4
      }
    },
    "Credit_History_Age": {
      "count": 100000.0,
      "mean": 221.22046,
      "std": 99.68071608811806,
      "min": 1.0,
      "25%": 144.0,
      "50%": 219.0,
      "75%": 302.0,
      "max": 404.0,
      "null": "0",
      "outlier": {
        "lower": 0,
        "upper": 0,
        "Q1": 144.0,
        "Q3": 302.0,
        "IQR": 158.0,
        "total": 0
      }
    },
    "Total_EMI_per_month": {
      "count": 100000.0,
      "mean": 107.69920792542881,
      "std": 132.26705619939543,
      "min": 0.0,
      "25%": 29.26888574479901,
      "50%": 66.46230358427916,
      "75%": 147.39257272852106,
      "max": 1779.1032538262775,
      "null": "0",
      "outlier": {
        "lower": 0,
        "upper": 5044,
        "Q1": 29.26888574479901,
        "Q3": 147.39257272852106,
        "IQR": 118.12368698372205,
        "total": 5044
      }
    },
    "Amount_invested_monthly": {
      "count": 100000.0,
      "mean": 55.101314900630314,
      "std": 39.00693239989302,
      "min": 0.0,
      "25%": 27.95911091190335,
      "50%": 45.156549633147954,
      "75%": 71.29579689161538,
      "max": 434.1910893520318,
      "null": "0",
      "outlier": {
        "lower": 0,
        "upper": 4464,
        "Q1": 27.95911091190335,
        "Q3": 71.29579689161538,
        "IQR": 43.33668597971203,
        "total": 4464
      }
    },
    "Monthly_Balance": {
      "count": 100000.0,
      "mean": 392.6975858506856,
      "std": 201.65271866217998,
      "min": 0.0077596647753352,
      "25%": 267.6159832340499,
      "50%": 333.8653664096155,
      "75%": 463.2156830046742,
      "max": 1183.9306960885192,
      "null": "0",
      "outlier": {
        "lower": 0,
        "upper": 7400,
        "Q1": 267.6159832340499,
        "Q3": 463.2156830046742,
        "IQR": 195.59969977062428,
        "total": 7400
      }
    }
  },
  "string_column": [
    "Occupation",
    "Type_of_Loan",
    "Credit_Mix",
    "Payment_of_Min_Amount",
    "Payment_Behaviour"
  ]
}
